PermID,OrgName,ID,Stock
https://permid.org/1-4295877626,Hanwa Co Ltd,2,8078
https://permid.org/1-4295878957,TS Tech Co Ltd,3,7313
https://permid.org/1-5000060796,SG Holdings Co Ltd,4,9143
https://permid.org/1-4295880428,Mixi Inc,5,2121
https://permid.org/1-5035525095,Solasia Pharma KK,6,4597
https://permid.org/1-4295879959,Ferrotec Holdings Corp,7,6890
https://permid.org/1-4295880535,Citizen Watch Co Ltd,8,7762
https://permid.org/1-4295878653,Maruwa Co Ltd,9,5344
https://permid.org/1-4295878534,Azbil Corp,10,6845
https://permid.org/1-4295876933,Nihon Unisys Ltd,11,8056
https://permid.org/1-4295880605,Tohoku Electric Power Co Inc,12,9506
https://permid.org/1-4295879348,KeyHolder Inc,13,4712
,,14,1320
https://permid.org/1-4298007773,Japan Exchange Group Inc,15,8697
https://permid.org/1-4295877974,Takasago Thermal Engineering Co Ltd,16,1969
https://permid.org/1-4295877415,Yokohama Rubber Co Ltd,17,5101
https://permid.org/1-4295877056,Suzuken Co Ltd,18,9987
https://permid.org/1-4295877728,Keio Corp,19,9008
https://permid.org/1-4295880234,Tsuruha Holdings Inc,20,3391
https://permid.org/1-4295879695,Harmonic Drive Systems Inc,21,6324
https://permid.org/1-4295879777,Seiko Epson Corp,22,6724
https://permid.org/1-4295880495,Casio Computer Co Ltd,23,6952
https://permid.org/1-4295878928,J.Front Retailing Co Ltd,24,3086
https://permid.org/1-5000069775,Zenkoku Hosho Co Ltd,25,7164
https://permid.org/1-4295880421,Hirata Corp,26,6258
https://permid.org/1-4295877453,Fuji Media Holdings Inc,27,4676
https://permid.org/1-4295878558,Toyo Suisan Kaisha Ltd,28,2875
https://permid.org/1-4295876282,Goldwin Inc,29,8111
https://permid.org/1-4295880697,Kawasaki Kisen Kaisha Ltd,30,9107
https://permid.org/1-4295880608,77 Bank Ltd,31,8341
https://permid.org/1-4295878829,Aeon Mall Co Ltd,32,8905
https://permid.org/1-4295877019,Comture Corp,33,3844
https://permid.org/1-4295878326,Meiko Electronics Co Ltd,34,6787
https://permid.org/1-4295877304,Daiwa House Reit Investment Corp,35,8984
https://permid.org/1-4295880316,SMS Co Ltd,36,2175
https://permid.org/1-4295875905,Hakuhodo DY Holdings Inc,37,2433
https://permid.org/1-4295876111,Hitachi Transport System Ltd,38,9086
https://permid.org/1-4295880438,Recomm Co Ltd,39,3323
https://permid.org/1-4295877732,Keihan Holdings Co Ltd,40,9045
https://permid.org/1-4295878825,Infomart Corp,41,2492
https://permid.org/1-4295877726,Keikyu Corp,42,9006
https://permid.org/1-4298359593,Koei Tecmo Holdings Co Ltd,43,3635
https://permid.org/1-5042965186,Japan Investment Adviser Co Ltd,44,7172
https://permid.org/1-4295880356,Japan Communications Inc,45,9424
https://permid.org/1-4295877976,Takara Holdings Inc,46,2531
https://permid.org/1-5000060977,Izumi Co Ltd,47,8273
https://permid.org/1-4295878779,Tomy Co Ltd,48,7867
https://permid.org/1-5056443840,UUUM Co Ltd,49,3990
https://permid.org/1-4295877919,Sanwa Holdings Corp,50,5929
https://permid.org/1-4295877546,Amuse Inc,51,4301
https://permid.org/1-4295877416,Chiyoda Corp,52,6366
https://permid.org/1-4295878616,Sumitomo Bakelite Co Ltd,53,4203
https://permid.org/1-5000000989,Nippon Sheet Glass Co Ltd,54,5202
https://permid.org/1-4295878314,Askul Corp,55,2678
https://permid.org/1-4295877375,Mitsui E&S Holdings Co Ltd,56,7003
https://permid.org/1-4295877332,Hikari Tsushin Inc,57,9435
https://permid.org/1-4295877827,NOK Corp,58,7240
https://permid.org/1-4295877190,Ube Industries Ltd,59,4208
https://permid.org/1-4295876093,Alpine Electronics Inc,60,6816
https://permid.org/1-4295878809,Parco Co Ltd,61,8251
https://permid.org/1-4295876040,Credit Saison Co Ltd,62,8253
https://permid.org/1-4295877437,Prima Meat Packers Ltd,63,2281
https://permid.org/1-4295880717,Nitto Boseki Co Ltd,64,3110
https://permid.org/1-5044031169,Sekisui House Reit Inc,65,3309
https://permid.org/1-4295880576,Jtekt Corp,66,6473
https://permid.org/1-4295876070,Kabu.com Securities Co Ltd,67,8703
https://permid.org/1-5035957489,Trenders Inc,68,6069
https://permid.org/1-5046045145,Kyushu Financial Group Inc,69,7180
https://permid.org/1-4295879810,Medipal Holdings Corp,70,7459
https://permid.org/1-4295876925,Kumagai Gumi Co Ltd,71,1861
https://permid.org/1-4295877484,Sanix Inc,72,4651
https://permid.org/1-4295875939,Lintec Corp,73,7966
https://permid.org/1-4295878990,Ci:z Holdings Co Ltd,74,4924
https://permid.org/1-4295877914,Sanrio Co Ltd,75,8136
https://permid.org/1-4295877894,Rohto Pharmaceutical Co Ltd,76,4527
https://permid.org/1-4295878122,Sumitomo Rubber Industries Ltd,77,5110
https://permid.org/1-4295880469,Alfresa Holdings Corp,78,2784
https://permid.org/1-4295877975,Tadano Ltd,79,6395
https://permid.org/1-4295875961,Digital Garage Inc,80,4819
https://permid.org/1-4295878283,SKY Perfect JSAT Holdings Inc,81,9412
https://permid.org/1-4295879202,PALTAC Corp,82,8283
https://permid.org/1-4295877869,Odakyu Electric Railway Co Ltd,83,9007
https://permid.org/1-4295880658,Sosei Group Corp,84,4565
https://permid.org/1-4295879052,K'S Holdings Corp,85,8282
https://permid.org/1-4295876215,Exedy Corp,86,7278
https://permid.org/1-4298052290,Ascot Corp,87,3264
https://permid.org/1-4295877344,Nippon Suisan Kaisha Ltd,88,1332
https://permid.org/1-4295876273,Oak Capital Corp,89,3113
https://permid.org/1-4295878512,Nisshinbo Holdings Inc,90,3105
https://permid.org/1-5046011818,Signpost Corp,91,3996
https://permid.org/1-4295880136,Japan Rental Housing Investments Inc,92,8986
https://permid.org/1-4295875919,Cocokara Fine Inc,93,3098
https://permid.org/1-4295880190,Japan Excellent Inc,94,8987
https://permid.org/1-4295876807,AnGes Inc,95,4563
https://permid.org/1-4295877845,Nippon Shokubai Co Ltd,96,4114
https://permid.org/1-4297203398,Hotto Link Inc,97,3680
https://permid.org/1-4295877991,Tobishima Corp,98,1805
https://permid.org/1-5000421097,ReproCell Inc,99,4978
https://permid.org/1-4295877357,NEC Corp,100,6701
https://permid.org/1-4295880347,Monogatari Corp,101,3097
https://permid.org/1-5046020783,Grace Technology Inc,102,6541
https://permid.org/1-4295876015,Nippon Gas Co Ltd,103,8174
https://permid.org/1-5051779056,Nishi-Nippon Financial Holdings Inc,104,7189
https://permid.org/1-5046044062,Cosmo Energy Holdings Co Ltd,105,5021
https://permid.org/1-4295880820,Nomura Real Estate Holdings Inc,106,3231
,,107,1571
https://permid.org/1-5035555122,BrightPath Biotherapeutics Co Ltd,108,4594
https://permid.org/1-4298107999,Gree Inc,109,3632
https://permid.org/1-4295880626,Flight Holdings Inc,110,3753
https://permid.org/1-4295880588,Toa Corp,111,1885
https://permid.org/1-4295880340,Nippon Accommodations Fund Inc,112,3226
https://permid.org/1-4295876865,Ichikoh Industries Ltd,113,7244
https://permid.org/1-4295877675,Clarion Co Ltd,114,6796
https://permid.org/1-4295879903,Mandom Corp,115,4917
https://permid.org/1-4295877631,Fudo Tetra Corp,116,1813
https://permid.org/1-4298076741,Persol Holdings Co Ltd,117,2181
https://permid.org/1-4295877407,Toyo Seikan Group Holdings Ltd,118,5901
https://permid.org/1-4295880335,AVIX Inc,119,7836
https://permid.org/1-4295877622,Krosaki Harima Corp,120,5352
https://permid.org/1-4295880338,Japan Prime Realty Investment Corp,121,8955
https://permid.org/1-4295877549,Round One Corp,122,4680
https://permid.org/1-4295876440,Japan Petroleum Exploration Co Ltd,123,1662
https://permid.org/1-5057763606,Genky DrugStores Co Ltd,124,9267
https://permid.org/1-4295878777,Saizeriya Co Ltd,125,7581
https://permid.org/1-4295879483,United Arrows Ltd,126,7606
https://permid.org/1-5000724146,Digital Media Professionals Inc,127,3652
https://permid.org/1-4295876942,Sumitomo Forestry Co Ltd,128,1911
https://permid.org/1-5051613459,Kusuri No Aoki Holdings Co Ltd,129,3549
,,130,1357
,,131,1570
https://permid.org/1-4295877962,Showa Denko KK,132,4004
https://permid.org/1-4295877191,Fast Retailing Co Ltd,133,9983
https://permid.org/1-4295880715,Yaskawa Electric Corp,134,6506
https://permid.org/1-4295878505,Mizuho Financial Group Inc,135,8411
https://permid.org/1-4295877094,SoftBank Group Corp,136,9984
https://permid.org/1-4295876067,Nintendo Co Ltd,137,7974
https://permid.org/1-5000059822,Sojitz Corp,138,2768
https://permid.org/1-4295878766,Sumitomo Mitsui Financial Group Inc,139,8316
https://permid.org/1-4295875926,Start Today Co Ltd,140,3092
https://permid.org/1-4295878523,Tokyo Electron Ltd,141,8035
https://permid.org/1-4295878412,Dentsu Inc,142,4324
https://permid.org/1-4295877311,Toshiba Corp,143,6502
https://permid.org/1-4295879094,Seven Bank Ltd,144,8410
https://permid.org/1-4295880668,Murata Manufacturing Co Ltd,145,6981
https://permid.org/1-4295877339,Sumitomo Chemical Co Ltd,146,4005
https://permid.org/1-4295878518,Tokai Carbon Co Ltd,147,5301
https://permid.org/1-5000000933,Mitsubishi UFJ Financial Group Inc,148,8306
https://permid.org/1-4295876884,Chugai Pharmaceutical Co Ltd,149,4519
https://permid.org/1-4295878784,Yahoo Japan Corp,150,4689
https://permid.org/1-4295880440,Sumco Corp,151,3436
https://permid.org/1-4295876960,TDK Corp,152,6762
,,153,1579
https://permid.org/1-5000022643,Japan Post Holdings Co Ltd,154,6178
,,155,1360
https://permid.org/1-4296954028,Japan Display Inc,156,6740
https://permid.org/1-4295880739,Aisin Seiki Co Ltd,157,7259
https://permid.org/1-4295880541,Fanuc Corp,158,6954
https://permid.org/1-5000038376,Fukuoka Financial Group Inc,159,8354
https://permid.org/1-4295877369,Komatsu Ltd,160,6301
https://permid.org/1-4295878798,Aozora Bank Ltd,161,8304
https://permid.org/1-4298102354,Meiji Holdings Co Ltd,162,2269
https://permid.org/1-4295880487,Chiba Bank Ltd,163,8331
https://permid.org/1-4295876533,Nidec Corp,164,6594
https://permid.org/1-4295877349,AGC Inc,165,5201
https://permid.org/1-5000002406,Sony Corp,166,6758
https://permid.org/1-4295875973,Konami Holdings Corp,167,9766
https://permid.org/1-5000000979,Monex Group Inc,168,8698
https://permid.org/1-4295876068,Mitsubishi Motors Corp,169,7211
https://permid.org/1-4295876894,Eisai Co Ltd,170,4523
https://permid.org/1-4295880577,KDDI Corp,171,9433
https://permid.org/1-4295880530,Kajima Corp,172,1812
https://permid.org/1-4295880344,Daikin Industries Ltd,173,6367
https://permid.org/1-4295880698,Shin-Etsu Chemical Co Ltd,174,4063
https://permid.org/1-4295878901,Fancl Corp,175,4921
https://permid.org/1-4295880128,Dai-ichi Life Holdings Inc,176,8750
https://permid.org/1-4295876961,Taisei Corp,177,1801
https://permid.org/1-4295878607,Terumo Corp,178,4543
https://permid.org/1-4295880592,Taiheiyo Cement Corp,179,5233
https://permid.org/1-5000002332,Coca-Cola Bottlers Japan Holdings Inc,180,2579
https://permid.org/1-4295878790,Square Enix Holdings Co Ltd,181,9684
https://permid.org/1-4295877341,Nissan Motor Co Ltd,182,7201
https://permid.org/1-4295877428,Shiseido Co Ltd,183,4911
https://permid.org/1-4295877446,Ryohin Keikaku Co Ltd,184,7453
https://permid.org/1-5000002343,CyberAgent Inc,185,4751
https://permid.org/1-4295878032,Rohm Co Ltd,186,6963
https://permid.org/1-4295880376,Invincible Investment Corp,187,8963
https://permid.org/1-4298462165,Pola Orbis Holdings Inc,188,4927
https://permid.org/1-4295880759,Remixpoint Inc,189,3825
https://permid.org/1-4295877957,Taiyo Yuden Co Ltd,190,6976
https://permid.org/1-4295877353,Takeda Pharmaceutical Co Ltd,191,4502
https://permid.org/1-5047749911,Concordia Financial Group Ltd,192,7186
https://permid.org/1-4295876946,Omron Corp,193,6645
https://permid.org/1-4295879109,Japan Tobacco Inc,194,2914
https://permid.org/1-4295880644,Tokyo Electric Power Company Holdings Inc,195,9501
https://permid.org/1-5000058303,Honda Motor Co Ltd,196,7267
https://permid.org/1-4295876038,SMC Corp,197,6273
https://permid.org/1-4295876746,Toyota Motor Corp,198,7203
https://permid.org/1-5000448124,Suntory Beverage & Food Ltd,199,2587
https://permid.org/1-4295878176,Tokio Marine Holdings Inc,200,8766
https://permid.org/1-4295878477,Sumitomo Mitsui Trust Holdings Inc,201,8309
https://permid.org/1-4295877299,IHI Corp,202,7013
https://permid.org/1-4295880516,Itochu Corp,203,8001
https://permid.org/1-4295878938,Yamada Denki Co Ltd,204,9831
https://permid.org/1-4295876936,Olympus Corp,205,7733
https://permid.org/1-4295880812,M3 Inc,206,2413
https://permid.org/1-4295876965,Astellas Pharma Inc,207,4503
https://permid.org/1-4295877060,NTT Data Corp,208,9613
https://permid.org/1-4295877413,Canon Inc,209,7751
https://permid.org/1-4295878265,Don Quijote Holdings Co Ltd,210,7532
https://permid.org/1-4295878848,MonotaRO Co Ltd,211,3064
https://permid.org/1-4297836741,Japan Post Bank Co Ltd,212,7182
https://permid.org/1-4295878992,SBI Holdings Inc,213,8473
https://permid.org/1-5000016754,Recruit Holdings Co Ltd,214,6098
https://permid.org/1-5042250105,Mercari Inc,215,4385
https://permid.org/1-4295877348,Kobe Steel Ltd,216,5406
https://permid.org/1-4295878646,Aiful Corp,217,8515
https://permid.org/1-4295880406,Nihon M&A Center Inc,218,2127
https://permid.org/1-4295878822,ValueCommerce Co Ltd,219,2491
,,220,1321
https://permid.org/1-5000001896,T&D Holdings Inc,221,8795
https://permid.org/1-4295878807,Trend Micro Inc,222,4704
https://permid.org/1-4295877325,Hitachi Ltd,223,6501
https://permid.org/1-4295877096,Nitori Holdings Co Ltd,224,9843
https://permid.org/1-4295878022,Mitsubishi Tanabe Pharma Corp,225,4508
https://permid.org/1-4295877223,Yamaha Corp,226,7951
https://permid.org/1-4295877355,Fujitsu Ltd,227,6702
https://permid.org/1-4295877273,Oriental Land Co Ltd,228,4661
https://permid.org/1-4298187727,Line Corp,229,3938
https://permid.org/1-4295880399,GungHo Online Entertainment Inc,230,3765
https://permid.org/1-4295879865,Kose Corp,231,4922
https://permid.org/1-4295880509,Hachijuni Bank Ltd,232,8359
https://permid.org/1-4295876950,TOTO Ltd,233,5332
https://permid.org/1-4295880409,Idemitsu Kosan Co Ltd,234,5019
https://permid.org/1-4295877319,Mitsubishi Electric Corp,235,6503
https://permid.org/1-4295880044,Lawson Inc,236,2651
https://permid.org/1-4295877659,Daifuku Co Ltd,237,6383
https://permid.org/1-4295880477,Alps Electric Co Ltd,238,6770
https://permid.org/1-4295877061,Pigeon Corp,239,7956
https://permid.org/1-4295877616,Hankyu Hanshin Holdings Inc,240,9042
https://permid.org/1-4295880549,Mitsubishi Estate Co Ltd,241,8802
https://permid.org/1-4295880584,Daiichi Sankyo Co Ltd,242,4568
https://permid.org/1-4295880691,NTN Corp,243,6472
https://permid.org/1-4295876953,Shimizu Corp,244,1803
https://permid.org/1-4295875937,Hitachi Construction Machinery Co Ltd,245,6305
https://permid.org/1-4295878065,Shinsei Bank Ltd,246,8303
https://permid.org/1-4295877478,Disco Corp,247,6146
https://permid.org/1-4295877427,Kao Corp,248,4452
https://permid.org/1-4295876948,Makita Corp,249,6586
https://permid.org/1-5000002397,Kirin Holdings Co Ltd,250,2503
https://permid.org/1-4295876890,Koito Manufacturing Co Ltd,251,7276
https://permid.org/1-4295878431,Resona Holdings Inc,252,8308
https://permid.org/1-4295878634,NTT Docomo Inc,253,9437
https://permid.org/1-4295879103,Nabtesco Corp,254,6268
https://permid.org/1-4295877430,Sumitomo Metal Mining Co Ltd,255,5713
https://permid.org/1-4295878046,Yakult Honsha Co Ltd,256,2267
https://permid.org/1-4295876065,FamilyMart UNY Holdings Co Ltd,257,8028
https://permid.org/1-5000000997,Sumitomo Corp,258,8053
https://permid.org/1-4295876581,Orix Corp,259,8591
https://permid.org/1-4295880542,Mitsui Fudosan Co Ltd,260,8801
https://permid.org/1-4295877414,Mitsui Mining and Smelting Co Ltd,261,5706
https://permid.org/1-4298032690,Mebuki Financial Group Inc,262,7167
https://permid.org/1-5037315029,Renova Inc,263,9519
https://permid.org/1-4295877156,Kikkoman Corp,264,2801
https://permid.org/1-4295880590,Suruga Bank Ltd,265,8358
https://permid.org/1-4295877395,Kubota Corp,266,6326
https://permid.org/1-4295878438,East Japan Railway Co,267,9020
https://permid.org/1-4295880559,Japan Airlines Co Ltd,268,9201
https://permid.org/1-4295876100,Daito Trust Construction Co Ltd,269,1878
https://permid.org/1-4295880695,Shimadzu Corp,270,7701
https://permid.org/1-4295876064,Keyence Corp,271,6861
https://permid.org/1-4295876949,Tokuyama Corp,272,4043
https://permid.org/1-4295878407,Nippon Building Fund Inc,273,8951
https://permid.org/1-4295877439,Toyota Industries Corp,274,6201
https://permid.org/1-4295880607,MS&AD Insurance Group Holdings Inc,275,8725
https://permid.org/1-4295880585,Nippon Yusen KK,276,9101
https://permid.org/1-4295877099,THK Co Ltd,277,6481
https://permid.org/1-4295877384,Suzuki Motor Corp,278,7269
https://permid.org/1-4295880574,Mitsui & Co Ltd,279,8031
https://permid.org/1-4295877240,Nitto Denko Corp,280,6988
,,281,1365
https://permid.org/1-4295877797,Panasonic Corp,282,6752
https://permid.org/1-4295880570,Mitsubishi Corp,283,8058
https://permid.org/1-4295878567,Tokyo Steel Manufacturing Co Ltd,284,5423
https://permid.org/1-4295877361,Denso Corp,285,6902
https://permid.org/1-4295876913,Kyocera Corp,286,6971
https://permid.org/1-5000059898,Fuji Electric Co Ltd,287,6504
https://permid.org/1-4295877182,West Japan Railway Co,288,9021
,,289,1458
https://permid.org/1-4295877318,Mazda Motor Corp,290,7261
https://permid.org/1-4295878697,Horiba Ltd,291,6856
https://permid.org/1-4295877423,Oji Holdings Corp,292,3861
https://permid.org/1-4295877335,Kawasaki Heavy Industries Ltd,293,7012
https://permid.org/1-4295880543,Marubeni Corp,294,8002
https://permid.org/1-5000001016,Bandai Namco Holdings Inc,295,7832
https://permid.org/1-4295877507,NanoCarrier Co Ltd,296,4571
https://permid.org/1-4295879828,Sekisui House Ltd,297,1928
https://permid.org/1-4295877820,NGK Spark Plug Co Ltd,298,5334
https://permid.org/1-4295876819,Terilogy Co Ltd,299,3356
https://permid.org/1-4295878084,Acom Co Ltd,300,8572
https://permid.org/1-4295878778,Kobayashi Pharmaceutical Co Ltd,301,4967
https://permid.org/1-4295880218,Sony Financial Holdings Inc,302,8729
https://permid.org/1-4295880586,Shizuoka Bank Ltd,303,8355
https://permid.org/1-4295880116,Rakuten Inc,304,4755
https://permid.org/1-4295878681,Hitachi High-Technologies Corp,305,8036
https://permid.org/1-4295880513,Gunma Bank Ltd,306,8334
https://permid.org/1-4295878302,Japan Hotel REIT Investment Corp,307,8985
https://permid.org/1-5000073379,Otsuka Holdings Co Ltd,308,4578
https://permid.org/1-4295879788,Ulvac Inc,309,6728
https://permid.org/1-4295880332,Renesas Electronics Corp,310,6723
https://permid.org/1-5036380524,Skylark Holdings Co Ltd,311,3197
https://permid.org/1-4295878461,En-Japan Inc,312,4849
https://permid.org/1-4295880343,Land Co Ltd,313,8918
,,314,1459
https://permid.org/1-4295877334,Showa Shell Sekiyu KK,315,5002
https://permid.org/1-4295877313,Nippon Steel & Sumitomo Metal Corp,316,5401
https://permid.org/1-4295877908,Santen Pharmaceutical Co Ltd,317,4536
https://permid.org/1-4295877425,Mitsubishi Materials Corp,318,5711
https://permid.org/1-4295880610,Obayashi Corp,319,1802
https://permid.org/1-4295878690,Ibiden Co Ltd,320,4062
https://permid.org/1-4295878402,Japan Real Estate Investment Corp,321,8952
https://permid.org/1-4295880685,Nippon Telegraph and Telephone Corp,322,9432
https://permid.org/1-5040060538,Tokyu Fudosan Holdings Corp,323,3289
https://permid.org/1-4295876954,Stanley Electric Co Ltd,324,6923
https://permid.org/1-5000663094,SOMPO Holdings Inc,325,8630
https://permid.org/1-4295877493,Central Japan Railway Co,326,9022
https://permid.org/1-4295880567,Minebea Mitsumi Inc,327,6479
https://permid.org/1-4295878436,Nomura Research Institute Ltd,328,4307
https://permid.org/1-4295878771,Kyoritsu Maintenance Co Ltd,329,9616
https://permid.org/1-4295878040,Yamato Holdings Co Ltd,330,9064
https://permid.org/1-5000472343,JXTG Holdings Inc,331,5020
https://permid.org/1-4295876559,TIS Inc,332,3626
https://permid.org/1-4295878041,Nifco Inc,333,7988
https://permid.org/1-4295880502,Ebara Corp,334,6361
https://permid.org/1-4298187707,Nexon Co Ltd,335,3659
https://permid.org/1-4296322186,Calbee Inc,336,2229
https://permid.org/1-5037437391,Kitanotatsujin Corp,337,2930
https://permid.org/1-4297675169,M-up Inc,338,3661
https://permid.org/1-4295877436,Denka Co Ltd,339,4061
https://permid.org/1-4295880164,SAMURAI&J PARTNERS Co Ltd,340,4764
https://permid.org/1-4295880403,Tokyo Gas Co Ltd,341,9531
https://permid.org/1-4295877812,Nippon Carbon Co Ltd,342,5302
https://permid.org/1-5056436277,Visionaryholdings Co Ltd,343,9263
https://permid.org/1-4295878967,Outsourcing Inc,344,2427
https://permid.org/1-4295877859,Nissan Chemical Corp,345,4021
https://permid.org/1-4295877505,Tobu Railway Co Ltd,346,9001
https://permid.org/1-4295877382,Yamaha Motor Co Ltd,347,7272
https://permid.org/1-4295879222,Relo Group Inc,348,8876
https://permid.org/1-5001546120,Oncolys Biopharma Inc,349,4588
https://permid.org/1-4295877092,Ito En Ltd,350,2593
https://permid.org/1-4295878521,Unicharm Corp,351,8113
https://permid.org/1-4295877302,Mitsubishi Heavy Industries Ltd,352,7011
https://permid.org/1-4295876904,Kurita Water Industries Ltd,353,6370
https://permid.org/1-4295877855,Nippon Yakin Kogyo Co Ltd,354,5480
https://permid.org/1-4295880761,TORIDOLL Holdings Corp,355,3397
https://permid.org/1-4295877401,Ajinomoto Co Inc,356,2802
https://permid.org/1-4295876878,Haseko Corp,357,1808
https://permid.org/1-4295878796,Park24 Co Ltd,358,4666
https://permid.org/1-4295880393,Inpex Corp,359,1605
https://permid.org/1-4295880161,ABC-Mart Inc,360,2670
https://permid.org/1-4295877178,Hamamatsu Photonics KK,361,6965
https://permid.org/1-4295877874,Ono Pharmaceutical Co Ltd,362,4528
https://permid.org/1-4295878485,Advantest Corp,363,6857
https://permid.org/1-4295876916,Nippon Electric Glass Co Ltd,364,5214
https://permid.org/1-4295880565,Nippon Express Co Ltd,365,9062
https://permid.org/1-4295877487,Sundrug Co Ltd,366,9989
https://permid.org/1-5000075491,Konica Minolta Inc,367,4902
https://permid.org/1-4295880726,JFE Holdings Inc,368,5411
https://permid.org/1-5035575886,BrainPad Inc,369,3655
https://permid.org/1-4295880671,Nippon Paint Holdings Co Ltd,370,4612
https://permid.org/1-4295880690,Sumitomo Realty & Development Co Ltd,371,8830
https://permid.org/1-4295877928,Secom Co Ltd,372,9735
https://permid.org/1-4295876922,Nissin Foods Holdings Co Ltd,373,2897
https://permid.org/1-4295880793,DeNA Co Ltd,374,2432
https://permid.org/1-4295877381,Sharp Corp,375,6753
https://permid.org/1-4295877551,JSR Corp,376,4185
https://permid.org/1-4295880522,Aeon Co Ltd,377,8267
https://permid.org/1-5037661415,Bengo4.com Inc,378,6027
https://permid.org/1-4295877087,Aeon Financial Service Co Ltd,379,8570
https://permid.org/1-5040808921,Hulic Reit Inc,380,3295
https://permid.org/1-4295877089,Sysmex Corp,381,6869
https://permid.org/1-4295876114,Japan Airport Terminal Co Ltd,382,9706
https://permid.org/1-4295879814,Misumi Group Inc,383,9962
https://permid.org/1-4295877909,Sankyu Inc,384,9065
https://permid.org/1-4295878706,Fujitsu General Ltd,385,6755
https://permid.org/1-4295877338,Toray Industries Inc,386,3402
https://permid.org/1-4295877399,Hino Motors Ltd,387,7205
https://permid.org/1-4295877320,Bridgestone Corp,388,5108
https://permid.org/1-5035553862,PeptiDream Inc,389,4587
https://permid.org/1-4295877366,Fujifilm Holdings Corp,390,4901
https://permid.org/1-4295877421,Mitsui Chemicals Inc,391,4183
https://permid.org/1-5037947712,GLP J-REIT,392,3281
https://permid.org/1-4295876861,Daiwa House Industry Co Ltd,393,1925
https://permid.org/1-4295880562,Hoya Corp,394,7741
https://permid.org/1-4295880490,Seven & i Holdings Co Ltd,395,3382
https://permid.org/1-4295878767,H.I.S. Co Ltd,396,9603
https://permid.org/1-4295875910,Miraca Holdings Inc,397,4544
https://permid.org/1-4295880583,Orient Corp,398,8585
https://permid.org/1-4295876951,Shionogi & Co Ltd,399,4507
https://permid.org/1-4298032666,RaQualia Pharma Inc,400,4579
https://permid.org/1-4295877398,Subaru Corp,401,7270
https://permid.org/1-4295880216,Sohgo Security Services Co Ltd,402,2331
https://permid.org/1-4295876498,Asahi Group Holdings Ltd,403,2502
https://permid.org/1-4295880528,Kansai Electric Power Co Inc,404,9503
https://permid.org/1-4295880178,Seria Co Ltd,405,2782
https://permid.org/1-4295879028,IDOM Inc,406,7599
https://permid.org/1-4295880494,ANA Holdings Inc,407,9202
https://permid.org/1-4295875997,Tokyo Century Corp,408,8439
https://permid.org/1-4295880639,GMO Payment Gateway Inc,409,3769
https://permid.org/1-4295879796,Capcom Co Ltd,410,9697
https://permid.org/1-4295879299,Sawai Pharmaceutical Co Ltd,411,4555
https://permid.org/1-4295880113,Fasteps Co Ltd,412,2338
https://permid.org/1-4295877429,Kyowa Hakko Kirin Co Ltd,413,4151
https://permid.org/1-4295880693,Taiyo Nippon Sanso Corp,414,4091
https://permid.org/1-4295878091,Mitsubishi UFJ Lease & Finance Co Ltd,415,8593
https://permid.org/1-4298069335,Japan Post Insurance Co Ltd,416,7181
https://permid.org/1-4295876019,Mitsubishi Chemical Holdings Corp,417,4188
https://permid.org/1-4295877330,Asahi Kasei Corp,418,3407
https://permid.org/1-4296475275,Ya-Man Ltd,419,6630
https://permid.org/1-4295876903,Mitsubishi Gas Chemical Co Inc,420,4182
https://permid.org/1-5040225688,Open House Co Ltd,421,3288
https://permid.org/1-4295880650,Hazama Ando Corp,422,1719
https://permid.org/1-4295877688,Screen Holdings Co Ltd,423,7735
https://permid.org/1-5000057997,Seibu Holdings Inc,424,9024
https://permid.org/1-4295880501,Daiwa Securities Group Inc,425,8601
https://permid.org/1-4295878735,BIC Camera Inc,426,3048
https://permid.org/1-4295880241,Dip Corp,427,2379
https://permid.org/1-4295878856,McDonald's Holdings Company Japan Ltd,428,2702
https://permid.org/1-4295880496,Brother Industries Ltd,429,6448
https://permid.org/1-4295878353,V Technology Co Ltd,430,7717
https://permid.org/1-4295880504,Chubu Electric Power Co Inc,431,9502
https://permid.org/1-5052131291,Sushiro Global Holdings Ltd,432,3563
https://permid.org/1-4295878450,Japan Retail Fund Investment Corp,433,8953
https://permid.org/1-5037476208,TechnoPro Holdings Inc,434,6028
https://permid.org/1-4295877386,Sumitomo Heavy Industries Ltd,435,6302
https://permid.org/1-4295877744,Keisei Electric Railway Co Ltd,436,9009
https://permid.org/1-4295876102,Pepper Food Service Co Ltd,437,3053
https://permid.org/1-4295880539,Ezaki Glico Co Ltd,438,2206
https://permid.org/1-4295880850,GNI Group Ltd,439,2160
https://permid.org/1-4295880313,Ichigo Inc,440,2337
https://permid.org/1-4295878164,Amada Holdings Co Ltd,441,6113
https://permid.org/1-5035308732,Colopl Inc,442,3668
https://permid.org/1-4295876396,LIXIL Group Corp,443,5938
https://permid.org/1-4295880622,Penta-Ocean Construction Co Ltd,444,1893
https://permid.org/1-5042217608,Gunosy Inc,445,6047
https://permid.org/1-5046662606,Nomura Real Estate Master Fund Inc,446,3462
https://permid.org/1-4295877839,NOF Corp,447,4403
https://permid.org/1-4295877321,Isuzu Motors Ltd,448,7202
https://permid.org/1-4295877489,Ricoh Co Ltd,449,7752
https://permid.org/1-4295877394,Teijin Ltd,450,3401
https://permid.org/1-4295876917,Nikon Corp,451,7731
https://permid.org/1-4295880166,Otsuka Corp,452,4768
https://permid.org/1-4295880696,Toyota Tsusho Corp,453,8015
https://permid.org/1-4295876350,Nippon Chemi-Con Corp,454,6997
https://permid.org/1-4295875989,Kakaku.com Inc,455,2371
https://permid.org/1-4295875904,United Urban Investment Corp,456,8960
https://permid.org/1-4295878074,DMG Mori Co Ltd,457,6141
https://permid.org/1-4295877881,Sumitomo Osaka Cement Co Ltd,458,5232
https://permid.org/1-4295876646,Hulic Co Ltd,459,3003
https://permid.org/1-4295880534,Kansai Paint Co Ltd,460,4613
https://permid.org/1-4295877367,Furukawa Electric Co Ltd,461,5801
https://permid.org/1-4295876009,Cosmos Pharmaceutical Corp,462,3349
https://permid.org/1-4295879454,Seino Holdings Co Ltd,463,9076
https://permid.org/1-4295876639,Shima Seiki Mfg. Ltd,464,6222
https://permid.org/1-4295878495,Orix Jreit Inc,465,8954
https://permid.org/1-4295877444,Kuraray Co Ltd,466,3405
https://permid.org/1-4295878899,Oracle Corp Japan,467,4716
https://permid.org/1-4295880488,Bank of Kyoto Ltd,468,8369
https://permid.org/1-4295880665,Kyushu Electric Power Co Inc,469,9508
https://permid.org/1-4295877420,Toppan Printing Co Ltd,470,7911
https://permid.org/1-4295877485,MatsumotoKiyoshi Holdings Co Ltd,471,3088
https://permid.org/1-5044011861,Elan Corp,472,6099
https://permid.org/1-4295875911,Kenedix Office Investment Corp,473,8972
https://permid.org/1-4295877838,Nippon Shinyaku Co Ltd,474,4516
https://permid.org/1-4295877403,Nisshin Seifun Group Inc,475,2002
https://permid.org/1-4295875908,Toho Co Ltd,476,9602
https://permid.org/1-4295876627,Shinko Electric Industries Co Ltd,477,6967
https://permid.org/1-4295880604,Tokyu Corp,478,9005
https://permid.org/1-4295877033,JCR Pharmaceuticals Co Ltd,479,4552
https://permid.org/1-4295880537,Mitsui OSK Lines Ltd,480,9104
https://permid.org/1-4296320095,Hoshizaki Corp,481,6465
https://permid.org/1-4295879042,Lasertec Corp,482,6920
https://permid.org/1-4295879247,Sega Sammy Holdings Inc,483,6460
https://permid.org/1-4295877447,NSK Ltd,484,6471
https://permid.org/1-5037631528,Nippon Light Metal Holdings Co Ltd,485,5703
https://permid.org/1-4295878910,Itochu Techno-Solutions Corp,486,4739
https://permid.org/1-4295880814,Takara Bio Inc,487,4974
https://permid.org/1-5000101740,Senshu Ikeda Holdings Inc,488,8714
https://permid.org/1-4295878528,Tsumura & Co,489,4540
https://permid.org/1-4295877346,Sumitomo Electric Industries Ltd,490,5802
https://permid.org/1-4295880544,Kintetsu Group Holdings Co Ltd,491,9041
https://permid.org/1-4295880434,Kobe Bussan Co Ltd,492,3038
https://permid.org/1-4295880748,Electric Power Development Co Ltd,493,9513
https://permid.org/1-4295880578,Osaka Gas Co Ltd,494,9532
https://permid.org/1-4295876130,SCSK Corp,495,9719
https://permid.org/1-4295877193,Nichirei Corp,496,2871
https://permid.org/1-4295877097,Yoshinoya Holdings Co Ltd,497,9861
https://permid.org/1-4295878581,Tokyo Tatemono Co Ltd,498,8804
https://permid.org/1-4295877892,Pacific Metals Co Ltd,499,5541
https://permid.org/1-4295879293,GMO Internet Inc,500,9449
https://permid.org/1-4295876717,Toho Titanium Co Ltd,501,5727
https://permid.org/1-4295877443,Tosoh Corp,502,4042
https://permid.org/1-5000101737,Megmilk Snow Brand Co Ltd,503,2270
https://permid.org/1-4296353329,Kyushu Railway Co,504,9142
https://permid.org/1-5040259204,Aeon Reit Investment Corp,505,3292
https://permid.org/1-4295876907,NHK Spring Co Ltd,506,5991
https://permid.org/1-4295877805,Morinaga & Co Ltd,507,2201
https://permid.org/1-4295879112,Forside Co Ltd,508,2330
https://permid.org/1-4295876128,North Pacific Bank Ltd,509,8524
https://permid.org/1-4295880511,Hitachi Metals Ltd,510,5486
https://permid.org/1-4295877418,Pioneer Corp,511,6773
https://permid.org/1-4295877720,Asics Corp,512,7936
https://permid.org/1-4295877583,Isetan Mitsukoshi Holdings Ltd,513,3099
https://permid.org/1-4295877932,Kewpie Corp,514,2809
https://permid.org/1-4297703864,Cyberdyne Inc,515,7779
https://permid.org/1-4295877133,Jafco Co Ltd,516,8595
https://permid.org/1-5000808480,Financial Products Group Co Ltd,517,7148
https://permid.org/1-4295880354,Create Restaurants Holdings Inc,518,3387
https://permid.org/1-4295878958,JGC Corp,519,1963
https://permid.org/1-4295880536,Marui Group Co Ltd,520,8252
https://permid.org/1-4295878460,Kenedix Inc,521,4321
https://permid.org/1-4295877392,Sekisui Chemical Co Ltd,522,4204
https://permid.org/1-4297807076,Ekitan & Co Ltd,523,3646
https://permid.org/1-4298182542,Hitachi Chemical Co Ltd,524,4217
https://permid.org/1-4295878511,Hirose Electric Co Ltd,525,6806
,,526,1568
https://permid.org/1-4295877424,NH Foods Ltd,527,2282
https://permid.org/1-4295878541,Daiwa Office Investment Corp,528,8976
https://permid.org/1-4295877683,Chugoku Electric Power Co Inc,529,9504
https://permid.org/1-4295878824,Mabuchi Motor Co Ltd,530,6592
https://permid.org/1-4295877873,Okuma Corp,531,6103
https://permid.org/1-4295877710,Anritsu Corp,532,6754
https://permid.org/1-4295877610,Hisamitsu Pharmaceutical Co Inc,533,4530
https://permid.org/1-5051761336,Kushikatsu Tanaka Co,534,3547
https://permid.org/1-4295880050,Inter Action Corp,535,7725
https://permid.org/1-5035952529,Vector Inc,536,6058
https://permid.org/1-4295878311,Adastria Co Ltd,537,2685
https://permid.org/1-5035303233,Taisho Pharmaceutical Holdings Co Ltd,538,4581
https://permid.org/1-4295877842,Nihon Kohden Corp,539,6849
https://permid.org/1-4295877685,Sumitomo Dainippon Pharma Co Ltd,540,4506
https://permid.org/1-4295879285,Japan Lifeline Co Ltd,541,7575
https://permid.org/1-4295878892,Zensho Holdings Co Ltd,542,7550
https://permid.org/1-4298077478,Welcia Holdings Co Ltd,543,3141
https://permid.org/1-4295880372,Yokogawa Electric Corp,544,6841
https://permid.org/1-4295879045,MegaChips Corp,545,6875
https://permid.org/1-4295876871,Fujikura Ltd,546,5803
https://permid.org/1-5000432707,E-Guardian Inc,547,6050
https://permid.org/1-4295880227,GS Yuasa Corp,548,6674
https://permid.org/1-4295878503,Tsugami Corp,549,6101
https://permid.org/1-4295878841,Toyota Boshoku Corp,550,3116
https://permid.org/1-4295877345,Dai Nippon Printing Co Ltd,551,7912
https://permid.org/1-4295878023,Zeon Corp,552,4205
https://permid.org/1-4295880582,Nagoya Railroad Co Ltd,553,9048
https://permid.org/1-4295877978,Shimano Inc,554,7309
https://permid.org/1-4295878673,Nippon Television Holdings Inc,555,9404
https://permid.org/1-5037626619,Datasection Inc,556,3905
https://permid.org/1-4295878582,Tokyo Seimitsu Co Ltd,557,7729
https://permid.org/1-5042221602,Nippon REIT Investment Corp,558,3296
https://permid.org/1-4295877567,Japan Aviation Electronics Industry Ltd,559,6807
https://permid.org/1-5040060532,Iida Group Holdings Co Ltd,560,3291
https://permid.org/1-5000021806,Maruha Nichiro Corp,561,1333
https://permid.org/1-4295879092,Resorttrust Inc,562,4681
https://permid.org/1-4295880673,Daicel Corp,563,4202
https://permid.org/1-5037459430,Activia Properties Inc,564,3279
https://permid.org/1-4295876037,Nipro Corp,565,8086
https://permid.org/1-4295878586,Topcon Corp,566,7732
https://permid.org/1-4295877114,Sankyo Co Ltd,567,6417
https://permid.org/1-4295879927,Leopalace21 Corp,568,8848
https://permid.org/1-4295877977,Takashimaya Co Ltd,569,8233
https://permid.org/1-4296031312,KLab Inc,570,3656
https://permid.org/1-4295877225,Lion Corp,571,4912
https://permid.org/1-4295876143,Shimamura Co Ltd,572,8227
https://permid.org/1-4295877410,DIC Corp,573,4631
https://permid.org/1-4295878909,USS Co Ltd,574,4732
https://permid.org/1-4295877548,Rengo Co Ltd,575,3941
https://permid.org/1-4295880689,Comsys Holdings Corp,576,1721
https://permid.org/1-4295879176,Net One Systems Co Ltd,577,7518
https://permid.org/1-4295877680,CKD Corp,578,6407
https://permid.org/1-4295877817,Nippon Chemical Industrial Co Ltd,579,4092
https://permid.org/1-4295880476,Hiroshima Bank Ltd,580,8379
https://permid.org/1-4295878722,Akebono Brake Industry Co Ltd,581,7238
https://permid.org/1-4295878574,Toshiba Machine Co Ltd,582,6104
https://permid.org/1-4295880322,Katitas Co Ltd,583,8919
https://permid.org/1-4295876829,Heiwa Corp,584,6412
https://permid.org/1-4295880560,NGK Insulators Ltd,585,5333
https://permid.org/1-4295877721,KYB Corp,586,7242
https://permid.org/1-4295877139,Unizo Holdings Co Ltd,587,3258
https://permid.org/1-4295880260,United Inc,588,2497
https://permid.org/1-4295877411,Toyobo Co Ltd,589,3101
https://permid.org/1-4295877574,Sourcenext Corp,590,4344
https://permid.org/1-4295879749,Wacom Co Ltd,591,6727
https://permid.org/1-4295879926,Micronics Japan Co Ltd,592,6871
https://permid.org/1-4295877893,Sotetsu Holdings Inc,593,9003
https://permid.org/1-4295876442,Meitec Corp,594,9744
https://permid.org/1-4297067877,Ohizumi MFG Co Ltd,595,6618
https://permid.org/1-4298076098,JVC Kenwood Corp,596,6632
https://permid.org/1-4295879808,Japan Cash Machine Co Ltd,597,6418
https://permid.org/1-4295876883,Daiwabo Holdings Co Ltd,598,3107
https://permid.org/1-4295876172,Prospect Co Ltd,599,3528
https://permid.org/1-4295877435,Gunze Ltd,600,3002
https://permid.org/1-4295880646,Mori Hills Reit Investment Corp,601,3234
https://permid.org/1-4295880764,Tokyu Construction Co Ltd,602,1720
https://permid.org/1-4295878941,Yamato Kogyo Co Ltd,603,5444
https://permid.org/1-8589934237,Nomura Holdings Inc,604,8604
https://permid.org/1-4295876896,Kyudenko Corp,605,1959
https://permid.org/1-4295877440,Morinaga Milk Industry Co Ltd,606,2264
https://permid.org/1-4295876077,Miura Co Ltd,607,6005
https://permid.org/1-4295877593,Hokuetsu Corp,608,3865
https://permid.org/1-4295876888,Kaneka Corp,609,4118
https://permid.org/1-4295880500,Chugoku Bank Ltd,610,8382
https://permid.org/1-4295879822,Kyowa Exeo Corp,611,1951
https://permid.org/1-5037124707,Metaps Inc,612,6172
https://permid.org/1-4295879399,Koa Corp,613,6999
https://permid.org/1-4297025427,Istyle Inc,614,3660
https://permid.org/1-4295877615,Maxell Holdings Ltd,615,6810
https://permid.org/1-4295878615,I-Freek Mobile Inc,616,3845
https://permid.org/1-4295879541,Universal Entertainment Corp,617,6425
https://permid.org/1-4295877888,Rinnai Corp,618,5947
https://permid.org/1-4295877705,Tsukuba Bank Ltd,619,8338
https://permid.org/1-4295877492,Takeuchi Mfg Co Ltd,620,6432
https://permid.org/1-5035303367,Jalco Holdings Inc,621,6625
https://permid.org/1-4295876107,Fuji Corp,622,6134
https://permid.org/1-5000636452,LIFULL Co Ltd,623,2120
https://permid.org/1-4295878137,Glory Ltd,624,6457
https://permid.org/1-4295877635,DOWA Holdings Co Ltd,625,5714
https://permid.org/1-4295877052,Yamaguchi Financial Group Inc,626,8418
https://permid.org/1-5040274980,Money Forward Inc,627,3994
https://permid.org/1-5039650235,Hoshino Resorts Reit Inc,628,3287
https://permid.org/1-4295876499,Tsubaki Nakashima Co Ltd,629,6464
https://permid.org/1-4295877412,Nippon Paper Industries Co Ltd,630,3863
https://permid.org/1-4295878094,Nissei Build Kogyo Co Ltd,631,1916
https://permid.org/1-4295877633,Fuji Oil Holdings Inc,632,2607
https://permid.org/1-5028043361,Nextage Co Ltd,633,3186
https://permid.org/1-4295878070,Japan Logistics Fund Inc,634,8967
https://permid.org/1-4295880441,Shikoku Electric Power Co Inc,635,9507
https://permid.org/1-4295879516,AIN Holdings Inc,636,9627
https://permid.org/1-4295880526,Kanematsu Corp,637,8020
,,638,1330
https://permid.org/1-5000071984,UT Group Co Ltd,639,2146
https://permid.org/1-4295880412,Hokuriku Electric Power Co,640,9505
https://permid.org/1-5000071997,Sapporo Holdings Ltd,641,2501
https://permid.org/1-4295878014,Toda Corp,642,1860
https://permid.org/1-4295875912,Samty Co Ltd,643,3244
https://permid.org/1-4295877868,Okumura Corp,644,1833
https://permid.org/1-4298524460,CI Medical Co Ltd,645,3540
https://permid.org/1-4295880371,Hokuhoku Financial Group Inc,646,8377
https://permid.org/1-4295880731,Maruichi Steel Tube Ltd,647,5463
https://permid.org/1-4297858121,eREX Co Ltd,648,9517
https://permid.org/1-4295878814,Tokai Tokyo Financial Holdings Inc,649,8616
https://permid.org/1-4295879197,Optex Group Co Ltd,650,6914
https://permid.org/1-4295877800,Nankai Electric Railway Co Ltd,651,9044
https://permid.org/1-5000938098,Allied Architects Inc,652,6081
https://permid.org/1-4295877697,Kagome Co Ltd,653,2811
https://permid.org/1-4295877591,Air Water Inc,654,4088
https://permid.org/1-4295878750,Advance Residence Investment Corp,655,3269
https://permid.org/1-4295880507,H2O Retailing Corp,656,8242
https://permid.org/1-4295877993,Toho Gas Co Ltd,657,9533
https://permid.org/1-4295877104,Noritsu Koki Co Ltd,658,7744
https://permid.org/1-4295880683,ShinMaywa Industries Ltd,659,7224
https://permid.org/1-5059015162,Premium Group Co Ltd,660,7199
https://permid.org/1-4295878466,Aeon Fantasy Co Ltd,661,4343
https://permid.org/1-5045504969,SanBio Co Ltd,662,4592
https://permid.org/1-5000938121,Japan Elevator Service Holdings Co Ltd,663,6544
https://permid.org/1-4295879793,Soiken Holdings Inc,664,2385
https://permid.org/1-4295879863,Kotobuki Spirits Co Ltd,665,2222
https://permid.org/1-4295880606,Tokyo Broadcasting System Holdings Inc,666,9401
https://permid.org/1-4295880623,Pressance Corp,667,3254
https://permid.org/1-4295877342,UACJ Corp,668,5741
https://permid.org/1-4295877804,Nachi-Fujikoshi Corp,669,6474
https://permid.org/1-4295878838,Mori Trust Sogo Reit Inc,670,8961
https://permid.org/1-4295876225,FP Corp,671,7947
https://permid.org/1-4295877558,Japan Securities Finance Co Ltd,672,8511
https://permid.org/1-4295877806,Sumitomo Mitsui Construction Co Ltd,673,1821
https://permid.org/1-4295880674,WDB Holdings Co Ltd,674,2475
https://permid.org/1-5046277037,Dexerials Corp,675,4980
https://permid.org/1-4295876492,Nichi-Iko Pharmaceutical Co Ltd,676,4541
https://permid.org/1-5000263284,D.Western Therapeutics Institute Inc,677,4576
https://permid.org/1-4295877760,Makino Milling Machine Co Ltd,678,6135
https://permid.org/1-4295878906,DyDo Group Holdings Inc,679,2590
https://permid.org/1-4295877397,Daido Steel Co Ltd,680,5471
https://permid.org/1-4295877934,Senko Group Holdings Co Ltd,681,9069
https://permid.org/1-4295878206,Shimachu Co Ltd,682,8184
https://permid.org/1-4295878674,Obic Co Ltd,683,4684
https://permid.org/1-4298008738,Neos Corp,684,3627
https://permid.org/1-4295880319,CAICA Inc,685,2315
https://permid.org/1-4295879648,F.C.C. Co Ltd,686,7296
https://permid.org/1-4295880444,NTT Urban Development Corp,687,8933
https://permid.org/1-4295877724,Kamigumi Co Ltd,688,9364
https://permid.org/1-4295877799,Mitsubishi Logistics Corp,689,9301
https://permid.org/1-4295877896,Press Kogyo Co Ltd,690,7246
https://permid.org/1-4295879619,Daiichikosho Co Ltd,691,7458
https://permid.org/1-4295878584,Tokyotokeiba Co Ltd,692,9672
https://permid.org/1-4295880182,Sugi Holdings Co Ltd,693,7649
https://permid.org/1-4295878850,Toyo Tire & Rubber Co Ltd,694,5105
https://permid.org/1-4295877080,Benesse Holdings Inc,695,9783
https://permid.org/1-4295880061,Matsui Securities Co Ltd,696,8628
https://permid.org/1-4295876868,Frontier Real Estate Investment Corp,697,8964
https://permid.org/1-4295880518,Iyo Bank Ltd,698,8385
https://permid.org/1-4295877961,Sinfonia Technology Co Ltd,699,6507
https://permid.org/1-5034751319,KH Neochem Co Ltd,700,4189
https://permid.org/1-4295880727,Maeda Corp,701,1824
https://permid.org/1-4295878237,TV Asahi Holdings Corp,702,9409
https://permid.org/1-4295880278,Fuji Oil Co Ltd,703,5017
https://permid.org/1-4295880387,MCUBS MidCity Investment Corp,704,3227
https://permid.org/1-4298179644,BayCurrent Consulting Inc,705,6532
https://permid.org/1-4295880040,Tanaka Chemical Corp,706,4080
https://permid.org/1-5048904696,LaSalle Logiport REIT,707,3466
https://permid.org/1-4295878985,DD Holdings Co Ltd,708,3073
https://permid.org/1-5037348922,Shift Inc,709,3697
https://permid.org/1-4295876084,Sho-Bond Holdings Co Ltd,710,1414
https://permid.org/1-4295880589,Shiga Bank Ltd,711,8366
https://permid.org/1-4298014966,Industrial & Infrastructure Fund Investment Corp,712,3249
https://permid.org/1-4295880520,House Foods Group Inc,713,2810
https://permid.org/1-4295878048,Tsubakimoto Chain Co,714,6371
https://permid.org/1-4295879981,Enplas Corp,715,6961
https://permid.org/1-4295877982,Tamura Corp,716,6768
https://permid.org/1-4295877702,Kanto Denka Kogyo Co Ltd,717,4047
https://permid.org/1-5005285091,Noevir Holdings Co Ltd,718,4928
https://permid.org/1-4295880460,Toyo Tanso Co Ltd,719,5310
https://permid.org/1-4295877851,Nippon Denko Co Ltd,720,5563
https://permid.org/1-4295880594,Nishimatsu Construction Co Ltd,721,1820
https://permid.org/1-4295879129,NS Solutions Corp,722,2327
https://permid.org/1-5000444363,Vision Inc,723,9416
https://permid.org/1-4295880656,Yamazaki Baking Co Ltd,724,2212
https://permid.org/1-4295876090,NIPPON PARKING DEVELOPMENT Co Ltd,725,2353
https://permid.org/1-5001150536,Mirait Holdings Corp,726,1417
https://permid.org/1-4297043204,Lacto Japan Co Ltd,727,3139
https://permid.org/1-4295879843,S Foods Inc,728,2292
https://permid.org/1-5042933985,Akatsuki Inc,729,3932
https://permid.org/1-4295877882,Raito Kogyo Co Ltd,730,1926
https://permid.org/1-4295880649,Wacoal Holdings Corp,731,3591
https://permid.org/1-4295877717,Amano Corp,732,6436
https://permid.org/1-4295878598,Star Micronics Co Ltd,733,7718
https://permid.org/1-4295879214,Plenus Co Ltd,734,9945
https://permid.org/1-4295878456,Eizo Corp,735,6737
https://permid.org/1-4295875965,Kura Corp,736,2695
https://permid.org/1-4295880581,Ogaki Kyoritsu Bank Ltd,737,8361
https://permid.org/1-4295875889,CMK Corp,738,6958
https://permid.org/1-4295876678,Sugimura Warehouse Co Ltd,739,9307
https://permid.org/1-4295876900,Ohara Inc,740,5218
https://permid.org/1-4295880524,Kandenko Co Ltd,741,1942
https://permid.org/1-4298008739,Ina Research Inc,742,2176
https://permid.org/1-4295876830,NPC Inc,743,6255
https://permid.org/1-4295878887,Prestige International Inc,744,4290
https://permid.org/1-4295876886,Japan Steel Works Ltd,745,5631
https://permid.org/1-4295880555,Kureha Corp,746,4023
https://permid.org/1-4295875899,Keiyo Bank Ltd,747,8544
https://permid.org/1-5038042133,Nippon Prologis REIT Inc,748,3283
https://permid.org/1-4295876455,Link and Motivation Inc,749,2170
https://permid.org/1-4295877624,Fukuyama Transporting Co Ltd,750,9075
https://permid.org/1-4295877577,Ishihara Sangyo Kaisha Ltd,751,4028
https://permid.org/1-5000044400,Ai Holdings Corp,752,3076
https://permid.org/1-4295876923,Okamoto Industries Inc,753,5122
https://permid.org/1-4295878133,Sodick Co Ltd,754,6143
https://permid.org/1-4295878575,Toshiba Plant Systems & Services Corp,755,1983
https://permid.org/1-4295880015,Nittoku Engineering Co Ltd,756,6145
https://permid.org/1-5050704648,SOU Inc,757,9270
https://permid.org/1-4295877858,Nishi-Nippon Railroad Co Ltd,758,9031
https://permid.org/1-5050991266,Komeda Holdings Co Ltd,759,3543
https://permid.org/1-4295878437,Fullcast Holdings Co Ltd,760,4848
https://permid.org/1-4295876847,Pharma Foods International Co Ltd,761,2929
https://permid.org/1-4295878946,Giken Ltd,762,6289
https://permid.org/1-4298194261,Yamashin Filter Corp,763,6240
https://permid.org/1-4295877886,OSG Corp,764,6136
https://permid.org/1-4295878453,Infocom Corp,765,4348
https://permid.org/1-4295879462,Nuts Inc,766,7612
https://permid.org/1-4295879473,Unipres Corp,767,5949
https://permid.org/1-4295878962,Ship Healthcare Holdings Inc,768,3360
https://permid.org/1-4295877168,Towa Corp,769,6315
https://permid.org/1-4295879426,Token Corp,770,1766
https://permid.org/1-4295876148,Sakata Seed Corp,771,1377
https://permid.org/1-4295880486,Drecom Co Ltd,772,3793
https://permid.org/1-4295878180,Edion Corp,773,2730
https://permid.org/1-4295879984,Nissei ASB Machine Co Ltd,774,6284
https://permid.org/1-4295876192,Computer Engineering & Consulting Ltd,775,9692
https://permid.org/1-5037857172,Uzabase Inc,776,3966
https://permid.org/1-4295878365,Future Venture Capital Co Ltd,777,8462
https://permid.org/1-4295876061,Aoyama Trading Co Ltd,778,8219
https://permid.org/1-4295876834,Hogy Medical Co Ltd,779,3593
https://permid.org/1-5042934335,MedPeer Inc,780,6095
https://permid.org/1-4295877856,Nissha Co Ltd,781,7915
https://permid.org/1-4295876897,Digital Arts Inc,782,2326
https://permid.org/1-4295877966,Shochiku Co Ltd,783,9601
https://permid.org/1-4295878043,Espec Corp,784,6859
https://permid.org/1-4295878475,Arata Corp,785,2733
https://permid.org/1-4295877203,Kohnan Shoji Co Ltd,786,7516
https://permid.org/1-4296689330,Optorun Co Ltd,787,6235
https://permid.org/1-4295875944,Juki Corp,788,6440
https://permid.org/1-5048337770,Evolable Asia Corp,789,6191
https://permid.org/1-5036220539,Internetworking and Broadband Consulting Co Ltd,790,3920
https://permid.org/1-4295877292,Billing System Corp,791,3623
https://permid.org/1-4295879006,Jins Inc.,792,3046
https://permid.org/1-4295875918,OncoTherapy Science Inc,793,4564
https://permid.org/1-4295876352,Keihin Corp,794,7251
https://permid.org/1-4295878667,Sumida Corp,795,6817
https://permid.org/1-4295877599,Hosiden Corp,796,6804
https://permid.org/1-4295880619,Aeria Inc,797,3758
https://permid.org/1-4295878773,Star Mica Co Ltd,798,3230
https://permid.org/1-4295876940,Takuma Co Ltd,799,6013
https://permid.org/1-4295879909,Meiko Network Japan Co Ltd,800,4668
https://permid.org/1-4295880808,Hankyu REIT Inc,801,8977
https://permid.org/1-4295878745,Daikyo Inc,802,8840
https://permid.org/1-4295879059,Towa Pharmaceutical Co Ltd,803,4553
https://permid.org/1-4295877050,Ariake Japan Co Ltd,804,2815
https://permid.org/1-4298519933,Cookpad Inc,805,2193
https://permid.org/1-4298183729,Japan Material Co Ltd,806,6055
https://permid.org/1-5051002626,DA Consortium Holdings Inc,807,6534
https://permid.org/1-4295877383,Hitachi Zosen Corp,808,7004
https://permid.org/1-4295878252,Allied Telesis Holdings KK,809,6835
https://permid.org/1-4295877131,Kanamoto Co Ltd,810,9678
https://permid.org/1-4295880662,Ichigo Office Reit Investment Corp,811,8975
https://permid.org/1-4295879774,Dear Life Co Ltd,812,3245
https://permid.org/1-4295878741,Bronco Billy Co Ltd,813,3091
https://permid.org/1-4295876983,Shoei Co Ltd,814,7839
https://permid.org/1-4295876554,Nippon Steel & Sumikin Bussan Corp,815,9810
https://permid.org/1-4295876400,Uniden Holdings Corp,816,6815
,,817,3935
https://permid.org/1-4295879128,Musashi Seimitsu Industry Co Ltd,818,7220
https://permid.org/1-4295879588,Colowide Co Ltd,819,7616
https://permid.org/1-4295877456,Mimasu Semiconductor Industry Co Ltd,820,8155
https://permid.org/1-4295880804,Marvelous Inc,821,7844
https://permid.org/1-5038061729,AltPlus Inc,822,3672
https://permid.org/1-4295877884,Rasa Industries Ltd,823,4022
https://permid.org/1-4295876831,Scala Inc,824,4845
https://permid.org/1-4295877589,Hokkaido Electric Power Co Inc,825,9509
https://permid.org/1-4295876014,Koshidaka Holdings Co Ltd,826,2157
https://permid.org/1-5037839185,Nisshin Steel Co Ltd,827,5413
https://permid.org/1-4295879068,MCJ Co Ltd,828,6670
https://permid.org/1-5035457143,3-D Matrix Ltd,829,7777
https://permid.org/1-4295879075,SIIX Corp,830,7613
,,831,1552
https://permid.org/1-4295879268,Ishigaki Foods Co Ltd,832,2901
https://permid.org/1-4295876918,Nippon Kayaku Co Ltd,833,4272
https://permid.org/1-4295879259,Iriso Electronics Co Ltd,834,6908
https://permid.org/1-4295876176,Arisawa Mfg Co Ltd,835,5208
https://permid.org/1-4295880052,Septeni Holdings Co Ltd,836,4293
https://permid.org/1-4295878554,Toyoda Gosei Co Ltd,837,7282
https://permid.org/1-4295880810,Yumeshin Holdings Co Ltd,838,2362
https://permid.org/1-4295879730,Hamakyorex Co Ltd,839,9037
https://permid.org/1-4295880235,Systena Corp,840,2317
https://permid.org/1-4295878481,Kitz Corp,841,6498
https://permid.org/1-4296154179,Net Marketing Co Ltd,842,6175
https://permid.org/1-4295877048,Qol Co Ltd,843,3034
https://permid.org/1-4295880523,Hyakujushi Bank Ltd,844,8386
https://permid.org/1-4295877905,Sanken Electric Co Ltd,845,6707
https://permid.org/1-4295878387,Pal Group Holdings Co Ltd,846,2726
https://permid.org/1-4295877134,Adtec Plasma Technology Co Ltd,847,6668
https://permid.org/1-4295880242,FRONTEO Inc,848,2158
https://permid.org/1-5046294724,Matching Service Japan Co Ltd,849,6539
https://permid.org/1-4295880720,Meidensha Corp,850,6508
https://permid.org/1-5036175808,Comforia Residential Reit Inc,851,3282
https://permid.org/1-5036393764,W-Scope Corp,852,6619
https://permid.org/1-4295878112,Shoei Foods Corp,853,8079
https://permid.org/1-5042366988,Invesco Office J-Reit Inc,854,3298
https://permid.org/1-4295876889,Kokuyo Co Ltd,855,7984
https://permid.org/1-4297667157,DLE Inc,856,3686
https://permid.org/1-5001574526,Findex Inc,857,3649
https://permid.org/1-4295876885,Onward Holdings Co Ltd,858,8016
https://permid.org/1-4295878392,Takara Leben Co Ltd,859,8897
https://permid.org/1-5000046602,Fund Creation Group Co Ltd,860,3266
https://permid.org/1-4295880527,Juroku Bank Ltd,861,8356
https://permid.org/1-4295880573,Noritake Co Ltd,862,5331
https://permid.org/1-4295877997,Toho Zinc Co Ltd,863,5707
https://permid.org/1-4295880514,Hitachi Capital Corp,864,8586
https://permid.org/1-4295878117,Aica Kogyo Co Ltd,865,4206
https://permid.org/1-5035087591,gumi Inc,866,3903
https://permid.org/1-4295880222,Benefit One Inc,867,2412
https://permid.org/1-4295878076,Toshiba Tec Corp,868,6588
https://permid.org/1-4295879003,Information Services International-Dentsu Ltd,869,4812
https://permid.org/1-4295876931,Oki Electric Industry Co Ltd,870,6703
https://permid.org/1-4298039531,Euglena Co Ltd,871,2931
https://permid.org/1-5056413540,Sharingtechnology Inc,872,3989
https://permid.org/1-5037852130,TATERU Inc,873,1435
https://permid.org/1-4298195050,Syuppin Co Ltd,874,3179
https://permid.org/1-4295880250,Heiwa Real Estate Reit Inc,875,8966
https://permid.org/1-4295880391,Modec Inc,876,6269
https://permid.org/1-4295880730,Doutor Nichires Holdings Co Ltd,877,3087
https://permid.org/1-4295878748,Asian Star Co,878,8946
https://permid.org/1-4295876926,Kumiai Chemical Industry Co Ltd,879,4996
https://permid.org/1-4295878162,Sanyo Denki Co Ltd,880,6516
https://permid.org/1-5000016234,Rozetta Corp,881,6182
https://permid.org/1-4295878664,Atom Corp,882,7412
https://permid.org/1-4295877872,Okasan Securities Group Inc,883,8609
https://permid.org/1-5016832514,Tokai Holdings Corp,884,3167
https://permid.org/1-4295880142,Duskin Co Ltd,885,4665
https://permid.org/1-5044167811,United Super Markets Holdings Inc,886,3222
https://permid.org/1-4295878680,Showa Corp,887,7274
https://permid.org/1-4295880131,Yakuodo Co Ltd,888,3385
https://permid.org/1-4295878643,J Trust Co Ltd,889,8508
,,890,1366
https://permid.org/1-4295879380,Taiyo Holdings Co Ltd,891,4626
https://permid.org/1-4295878851,Tokyo Ohka Kogyo Co Ltd,892,4186
https://permid.org/1-4295876788,Zojirushi Corp,893,7965
https://permid.org/1-4295876057,Shindengen Electric Manufacturing Co Ltd,894,6844
https://permid.org/1-4295877829,Nichicon Corp,895,6996
https://permid.org/1-4295879997,Obara Group Inc,896,6877
https://permid.org/1-4295876992,Fuso Chemical Co Ltd,897,4368
https://permid.org/1-5045854402,JMC Corp,898,5704
https://permid.org/1-4295877144,Ubiquitous AI Corp,899,3858
https://permid.org/1-4295876406,Wakita & Co Ltd,900,8125
https://permid.org/1-4295875949,EM Systems Co Ltd,901,4820
https://permid.org/1-5046737406,Ichigo Hotel REIT Investment Corp,902,3463
https://permid.org/1-4295880572,Nanto Bank Ltd,903,8367
https://permid.org/1-4295880724,Ryobi Ltd,904,5851
https://permid.org/1-4295880057,Tokyo Individualized Educational Institute Inc,905,4745
https://permid.org/1-4296286924,Medical Data Vision Co Ltd,906,3902
https://permid.org/1-4298359596,Asahi Holdings Inc,907,5857
https://permid.org/1-4295879081,Relia Inc,908,4708
https://permid.org/1-4295878524,Kaken Pharmaceutical Co Ltd,909,4521
https://permid.org/1-4295880163,Creek & River Co Ltd,910,4763
https://permid.org/1-4295876284,Ichiyoshi Securities Co Ltd,911,8624
https://permid.org/1-4295880139,Broccoli Co Ltd,912,2706
https://permid.org/1-4295878165,Foster Electric Co Ltd,913,6794
https://permid.org/1-4295878959,Fujisash Co Ltd,914,5940
https://permid.org/1-5044064540,MarkLines Co Ltd,915,3901
https://permid.org/1-4295878710,Furukawa Co Ltd,916,5715
https://permid.org/1-5041749028,Escrow Agent Japan Inc,917,6093
https://permid.org/1-4295876251,Eiken Chemical Co Ltd,918,4549
https://permid.org/1-4295880325,Asahi Co Ltd,919,3333
https://permid.org/1-4295878217,San-in Godo Bank Ltd,920,8381
https://permid.org/1-4295879047,Fuji Seal International Inc,921,7864
https://permid.org/1-4295876891,Kinden Corp,922,1944
https://permid.org/1-4295880481,Tosei Corp,923,8923
https://permid.org/1-4295876793,Yokowo Co Ltd,924,6800
https://permid.org/1-5001179176,ZIGExN Co Ltd,925,3679
https://permid.org/1-4295880326,Shinoken Group Co Ltd,926,8909
https://permid.org/1-5000088603,Fidea Holdings Co Ltd,927,8713
https://permid.org/1-4295879074,Stella Chemifa Corp,928,4109
https://permid.org/1-4295880133,Es-con Japan Ltd,929,8892
https://permid.org/1-5001450332,Paramount Bed Holdings Co Ltd,930,7817
https://permid.org/1-4295878780,Arcs Co Ltd,931,9948
https://permid.org/1-4295875932,Infoteria Corp,932,3853
https://permid.org/1-4295878572,Topre Corp,933,5975
https://permid.org/1-4295879062,Nishimatsuya Chain Co Ltd,934,7545
https://permid.org/1-4295877016,FinTech Global Inc,935,8789
https://permid.org/1-5040186520,N Field Co Ltd,936,6077
https://permid.org/1-4295876207,Daiki Aluminium Industry Co Ltd,937,5702
https://permid.org/1-4295878285,Kintetsu World Express Inc,938,9375
https://permid.org/1-4295879676,Fukui Computer Holdings Inc,939,9790
https://permid.org/1-4295878927,Osaka Titanium Technologies Co Ltd,940,5726
https://permid.org/1-5044561975,Tokyo Base Co Ltd,941,3415
https://permid.org/1-4295877788,Namura Shipbuilding Co Ltd,942,7014
https://permid.org/1-4295876541,Fuji Soft Inc,943,9749
https://permid.org/1-4295879365,Starts Corp Inc,944,8850
https://permid.org/1-4295878156,Idec Corp,945,6652
https://permid.org/1-5036892489,Locondo Inc,946,3558
https://permid.org/1-4295877712,Kawai Musical Instruments Manufacturing Co Ltd,947,7952
https://permid.org/1-4295880790,Trust Tech Inc,948,2154
https://permid.org/1-4295879846,Komeri Co Ltd,949,8218
https://permid.org/1-4295880405,Tocalo Co Ltd,950,3433
https://permid.org/1-4295876537,NSD Co Ltd,951,9759
https://permid.org/1-4295876512,Nichiha Corp,952,7943
https://permid.org/1-4295878427,Pasona Group Inc,953,2168
https://permid.org/1-4295876080,Aoki Holdings Inc,954,8214
https://permid.org/1-4295879940,Internet Initiative Japan Inc,955,3774
https://permid.org/1-4295878440,Tokyo Dome Corp,956,9681
https://permid.org/1-4295880512,Hyakugo Bank Ltd,957,8368
https://permid.org/1-4295877862,Nippon Thompson Co Ltd,958,6480
https://permid.org/1-4295878029,Nisshin OilliO Group Ltd,959,2602
https://permid.org/1-5044171803,Macnica Fuji Electronics Holdings Inc,960,3132
https://permid.org/1-4295878435,Pilot Corp,961,7846
https://permid.org/1-5056391008,GameWith Inc,962,6552
https://permid.org/1-4295878756,Opt Holding Inc,963,2389
https://permid.org/1-5000069468,Konoike Transport Co Ltd,964,9025
https://permid.org/1-5044196994,BELLSYSTEM24 Holdings Inc,965,6183
https://permid.org/1-4295879215,Imagica Robot Holdings Inc,966,6879
https://permid.org/1-4295879135,Solasto Corp,967,6197
https://permid.org/1-5036158682,Torikizoku Co Ltd,968,3193
,,969,1356
https://permid.org/1-4295878363,Raysum Co Ltd,970,8890
https://permid.org/1-4295880506,Daishi Bank Ltd,971,8324
https://permid.org/1-5000693593,SymBio Pharmaceuticals Ltd,972,4582
https://permid.org/1-4295878124,Toa Oil Co Ltd,973,5008
https://permid.org/1-4295877898,Daihen Corp,974,6622
https://permid.org/1-4295879049,Fujimi Inc,975,5384
https://permid.org/1-4295876997,Yokogawa Bridge Holdings Corp,976,5911
https://permid.org/1-4295877024,Gurunavi Inc,977,2440
https://permid.org/1-4295880774,Valor Holdings Co Ltd,978,9956
https://permid.org/1-4295878193,Ryosan Co Ltd,979,8140
https://permid.org/1-4295880380,Asahi Intecc Co Ltd,980,7747
https://permid.org/1-4295878083,Properst Co Ltd,981,3236
https://permid.org/1-4295877601,Hokkoku Bank Ltd,982,8363
https://permid.org/1-4295876875,Futaba Industrial Co Ltd,983,7241
https://permid.org/1-4295877701,Aida Engineering Ltd,984,6118
https://permid.org/1-4297817490,Broadleaf Co Ltd,985,3673
https://permid.org/1-4295880017,Lec Inc,986,7874
https://permid.org/1-4295876055,Rheon Automatic Machinery Co Ltd,987,6272
https://permid.org/1-4295879559,BML Inc,988,4694
https://permid.org/1-4295880505,Seiko Holdings Corp,989,8050
https://permid.org/1-4295877360,Sakai Moving Service Co Ltd,990,9039
https://permid.org/1-4295876827,Nomura Co Ltd,991,9716
https://permid.org/1-4295878951,GCA Corp,992,2174
https://permid.org/1-4295878317,Geo Holdings Corp,993,2681
https://permid.org/1-4298141800,Gremz Inc,994,3150
https://permid.org/1-4295877331,Sorghum Japan Holdings Corp,995,6636
https://permid.org/1-4295877419,Unitika Ltd,996,3103
https://permid.org/1-4295876974,EPS Holdings Inc,997,4282
https://permid.org/1-4295880436,Premier Investment Corp,998,8956
https://permid.org/1-5001427474,Kayac Inc,999,3904
https://permid.org/1-4295880563,Musashino Bank Ltd,1000,8336
